{"name":"CoreElement","imagePath":"CoreElement_texture_1.png","SubTexture":[{"name":"weapon_1005_folder/weapon_r_4","x":2,"y":2,"width":280,"height":76},{"name":"flame_01_f/bbb","x":284,"y":2,"width":86,"height":234},{"name":"mecha_1502b_folder/chest","x":372,"y":2,"width":89,"height":192},{"name":"weapon_1005_folder/weapon_r_3","x":463,"y":2,"width":202,"height":69},{"name":"flame_01_f/ba_bu_flame1","x":667,"y":2,"width":180,"height":52},{"name":"weapon_1005_folder/c_folder/1","x":849,"y":2,"width":136,"height":54},{"name":"mecha_1502b_folder/foot_r","x":987,"y":2,"width":29,"height":109},{"name":"weapon_1005_folder/c_folder/0","x":667,"y":56,"width":136,"height":52},{"name":"mecha_1502b_folder/textures/foot_l_0","x":805,"y":56,"width":29,"height":106},{"name":"weapon_1005_folder/c_folder/2","x":836,"y":58,"width":136,"height":51},{"name":"weapon_1005_folder/c_folder/4","x":463,"y":73,"width":136,"height":46},{"name":"mecha_1502b_folder/pelvis","x":601,"y":73,"width":41,"height":65},{"name":"weapon_1005_folder/c_folder/3","x":2,"y":80,"width":136,"height":43},{"name":"mecha_1502b_folder/calf_r","x":140,"y":80,"width":126,"height":52},{"name":"weapon_1005_folder/weapon_r_2","x":644,"y":110,"width":108,"height":64},{"name":"_texture/fireEffect","x":754,"y":110,"width":48,"height":38},{"name":"mecha_1502b_folder/calf_l","x":836,"y":111,"width":122,"height":46},{"name":"mecha_1502b_folder/textures/thigh_1_r_1","x":960,"y":113,"width":55,"height":32},{"name":"weapon_1502b_folder/back_r","x":463,"y":121,"width":121,"height":45},{"name":"weapon_1005_folder/weapon_r_1","x":2,"y":125,"width":105,"height":60},{"name":"mecha_1502b_folder/thigh_r","x":109,"y":134,"width":103,"height":61},{"name":"mecha_1502b_folder/textures/shouder_l_0","x":214,"y":134,"width":44,"height":39},{"name":"mecha_1502b_folder/textures/thigh_1_l_0","x":586,"y":140,"width":50,"height":32},{"name":"mecha_1502b_folder/textures/shouder_r_1","x":960,"y":147,"width":43,"height":39},{"name":"weapon_1502b_folder/back_l","x":836,"y":159,"width":116,"height":44},{"name":"weapon_1005_folder/weapon_r_0","x":754,"y":164,"width":75,"height":40},{"name":"weapon_1005_folder/b_folder/1","x":463,"y":168,"width":109,"height":49},{"name":"mecha_1502b_folder/thigh_l","x":574,"y":176,"width":101,"height":57},{"name":"bullet_01_f/bullet_01","x":677,"y":176,"width":74,"height":20},{"name":"weapon_1502b_folder/image/paoguan_0003","x":2,"y":187,"width":94,"height":36},{"name":"weapon_1005_folder/a_folder/boss_zhl.0005","x":372,"y":196,"width":81,"height":37},{"name":"weapon_1005_folder/b_folder/0","x":98,"y":197,"width":110,"height":47},{"name":"weapon_1005_folder/b_folder/2","x":831,"y":205,"width":108,"height":45},{"name":"weapon_1005_folder/b_folder/4","x":677,"y":206,"width":108,"height":42},{"name":"weapon_1005_folder/b_folder/3","x":455,"y":219,"width":108,"height":41},{"name":"weapon_1502b_folder/image/paoguan_0002","x":2,"y":225,"width":94,"height":36},{"name":"weapon_1502b_folder/image/paoguan_0001","x":565,"y":235,"width":94,"height":36},{"name":"weapon_1005_folder/a_folder/boss_zhl.0004","x":372,"y":235,"width":81,"height":37},{"name":"weapon_1005_folder/a_folder/boss_zhl.0003","x":210,"y":238,"width":81,"height":37},{"name":"weapon_1005_folder/a_folder/boss_zhl.0002","x":98,"y":246,"width":81,"height":37},{"name":"weapon_1005_folder/a_folder/boss_zhl.0001","x":661,"y":250,"width":81,"height":37}]}