{"version":2.3,"name":"charactor_all","armature":[{"skin":[{"name":0,"slot":[{"display":[{"name":"centaur/man-left fore arm","type":"image","transform":{"pX":53.48,"x":0,"scX":1,"pY":8.5,"y":0,"skY":0,"skX":0,"scY":1}}],"name":"man-left fore arm","z":0,"parent":"man-left fore arm"},{"display":[{"name":"centaur/man-left upper arm","type":"image","transform":{"pX":23,"x":0,"scX":1,"pY":13,"y":0,"skY":0,"skX":0,"scY":1}}],"name":"man-left upper arm","z":1,"parent":"man-left upper arm"},{"display":[{"name":"centaur/horse-front left feet","type":"image","transform":{"pX":12.5,"x":0,"scX":1,"pY":7,"y":0,"skY":0,"skX":0,"scY":1}}],"name":"horse-front left feet","z":2,"parent":"horse-front left feet"},{"display":[{"name":"centaur/horse-front left leg","type":"image","transform":{"pX":36,"x":0,"scX":1,"pY":17.5,"y":0,"skY":0,"skX":0,"scY":1}}],"name":"horse-front left leg","z":3,"parent":"horse-front left leg"},{"display":[{"name":"centaur/horse-back left feet","type":"image","transform":{"pX":34,"x":0,"scX":1,"pY":8,"y":0,"skY":0,"skX":0,"scY":1}}],"name":"horse-back left feet","z":4,"parent":"horse-back left feet"},{"display":[{"name":"centaur/horse-back left leg","type":"image","transform":{"pX":24,"x":0,"scX":1,"pY":23,"y":0,"skY":0,"skX":0,"scY":1}}],"name":"horse-back left leg","z":5,"parent":"horse-back left leg"},{"display":[{"name":"centaur/horse-tail","type":"image","transform":{"pX":0,"x":0,"scX":1,"pY":0,"y":0,"skY":0,"skX":0,"scY":1}}],"name":"horse-tail","z":6,"parent":"horse-tail"},{"display":[{"name":"centaur/horse-body","type":"image","transform":{"pX":108.5,"x":0,"scX":1,"pY":50,"y":0,"skY":0,"skX":0,"scY":1}}],"name":"horse-body","z":7,"parent":"horse-body"},{"display":[{"name":"centaur/horse-back right leg","type":"image","transform":{"pX":22.5,"x":0,"scX":1,"pY":25.5,"y":0,"skY":0,"skX":0,"scY":1}}],"name":"horse-back right leg","z":8,"parent":"horse-back right leg"},{"display":[{"name":"centaur/horse-back right feet","type":"image","transform":{"pX":31.5,"x":0,"scX":1,"pY":7,"y":0,"skY":0,"skX":0,"scY":1}}],"name":"horse-back right feet","z":9,"parent":"horse-back right feet"},{"display":[{"name":"centaur/horse-front right leg","type":"image","transform":{"pX":32.5,"x":0,"scX":1,"pY":16,"y":0,"skY":0,"skX":0,"scY":1}}],"name":"horse-front right leg","z":10,"parent":"horse-front right leg"},{"display":[{"name":"centaur/horse-front right feet","type":"image","transform":{"pX":17.5,"x":0,"scX":1,"pY":6.5,"y":0,"skY":0,"skX":0,"scY":1}}],"name":"horse-front right feet","z":11,"parent":"horse-front right feet"},{"display":[{"name":"centaur/man-body","type":"image","transform":{"pX":30.5,"x":0,"scX":1,"pY":72.5,"y":0,"skY":0,"skX":0,"scY":1}}],"name":"man-body","z":12,"parent":"man-body"},{"display":[{"name":"centaur/man-right upper arm","type":"image","transform":{"pX":15,"x":0,"scX":1,"pY":16,"y":0,"skY":0,"skX":0,"scY":1}}],"name":"man-right upper arm","z":13,"parent":"man-right upper arm"},{"display":[{"name":"centaur/man-shoulder","type":"image","transform":{"pX":10,"x":0,"scX":1,"pY":26,"y":0,"skY":0,"skX":0,"scY":1}}],"name":"man-shoulder","z":14,"parent":"man-shoulder"},{"display":[{"name":"centaur/man-head","type":"image","transform":{"pX":58.5,"x":0,"scX":1,"pY":54.5,"y":0,"skY":0,"skX":0,"scY":1}}],"name":"man-head","z":15,"parent":"man-head"},{"display":[{"name":"centaur/man-weapon","type":"image","transform":{"pX":184.5,"x":0,"scX":1,"pY":66.75,"y":0,"skY":0,"skX":0,"scY":1}}],"name":"man-weapon","z":16,"parent":"man-weapon"},{"display":[{"name":"centaur/man-right fore arm","type":"image","transform":{"pX":41.5,"x":0,"scX":1,"pY":7,"y":0,"skY":0,"skX":0,"scY":1}}],"name":"man-right fore arm","z":17,"parent":"man-right fore arm"}]}],"name":"centaur/charactor","animation":[{"fadeInTime":0.2,"name":"stand","loop":0,"duration":2,"timeline":[{"offset":0,"name":"man-left fore arm","scale":1,"frame":[{"z":0,"transform":{"pX":0,"x":-22.27,"scX":1,"pY":0,"y":-28.75,"skY":0,"skX":0,"scY":1},"duration":1},{"z":0,"transform":{"pX":0,"x":-23.2,"scX":1,"pY":0,"y":-25.22,"skY":8.92,"skX":8.92,"scY":1},"duration":1}]},{"offset":0,"name":"man-left upper arm","scale":1,"frame":[{"z":1,"transform":{"pX":0,"x":-14.52,"scX":1,"pY":0,"y":-53.75,"skY":0,"skX":0,"scY":1},"duration":1},{"z":1,"transform":{"pX":0,"x":-14.05,"scX":1,"pY":0,"y":-49.77,"skY":3.23,"skX":3.23,"scY":1},"duration":1}]},{"offset":0,"name":"horse-front left feet","scale":1,"frame":[{"z":2,"transform":{"pX":0,"x":-3.27,"scX":1,"pY":0,"y":55.75,"skY":0,"skX":0,"scY":1},"duration":1},{"z":2,"transform":{"pX":0,"x":-3.27,"scX":1,"pY":0,"y":55.75,"skY":0,"skX":0,"scY":1},"duration":1}]},{"offset":0,"name":"horse-front left leg","scale":1,"frame":[{"z":3,"transform":{"pX":0,"x":15.23,"scX":1,"pY":0,"y":-1.97,"skY":0,"skX":0,"scY":1},"duration":1},{"z":3,"transform":{"pX":0,"x":16.23,"scX":1,"pY":0,"y":-0.97,"skY":0,"skX":0,"scY":1},"duration":1}]},{"offset":0,"name":"horse-back left feet","scale":1,"frame":[{"z":4,"transform":{"pX":0,"x":92.23,"scX":1,"pY":0,"y":60.75,"skY":0,"skX":0,"scY":1},"duration":1},{"z":4,"transform":{"pX":0,"x":92.23,"scX":1,"pY":0,"y":60.75,"skY":0,"skX":0,"scY":1},"duration":1}]},{"offset":0,"name":"horse-back left leg","scale":1,"frame":[{"z":5,"transform":{"pX":0,"x":81.22,"scX":1,"pY":0,"y":5.53,"skY":0,"skX":0,"scY":1},"duration":1},{"z":5,"transform":{"pX":0,"x":86.23,"scX":1,"pY":0,"y":5.03,"skY":4.96,"skX":4.96,"scY":1},"duration":1}]},{"offset":0,"name":"horse-tail","scale":1,"frame":[{"z":6,"transform":{"pX":0,"x":111.73,"scX":1,"pY":0,"y":-7.97,"skY":0,"skX":0,"scY":1},"duration":1},{"z":6,"transform":{"pX":0,"x":111.73,"scX":1,"pY":0,"y":-5.47,"skY":-11.24,"skX":-11.24,"scY":1},"duration":1}]},{"offset":0,"name":"horse-body","scale":1,"frame":[{"z":7,"transform":{"pX":0,"x":100.75,"scX":1,"pY":0,"y":19.75,"skY":0,"skX":0,"scY":1},"duration":1},{"z":7,"transform":{"pX":0,"x":100.75,"scX":1,"pY":0,"y":22.25,"skY":0,"skX":0,"scY":1},"duration":1}]},{"offset":0,"name":"horse-back right leg","scale":1,"frame":[{"z":8,"transform":{"pX":0,"x":97.98,"scX":1,"pY":0,"y":10.53,"skY":0,"skX":0,"scY":1},"duration":1},{"z":8,"transform":{"pX":0,"x":99.48,"scX":1,"pY":0,"y":11.53,"skY":0,"skX":0,"scY":1},"duration":1}]},{"offset":0,"name":"horse-back right feet","scale":1,"frame":[{"z":9,"transform":{"pX":0,"x":117.23,"scX":1,"pY":0,"y":65.75,"skY":0,"skX":0,"scY":1},"duration":1},{"z":9,"transform":{"pX":0,"x":117.23,"scX":1,"pY":0,"y":65.75,"skY":0,"skX":0,"scY":1},"duration":1}]},{"offset":0,"name":"horse-front right leg","scale":1,"frame":[{"z":10,"transform":{"pX":0,"x":32.23,"scX":1,"pY":0,"y":9.03,"skY":0,"skX":0,"scY":1},"duration":1},{"z":10,"transform":{"pX":0,"x":37.73,"scX":1,"pY":0,"y":8.53,"skY":5.21,"skX":5.21,"scY":1},"duration":1}]},{"offset":0,"name":"horse-front right feet","scale":1,"frame":[{"z":11,"transform":{"pX":0,"x":28.73,"scX":1,"pY":0,"y":68.75,"skY":0,"skX":0,"scY":1},"duration":1},{"z":11,"transform":{"pX":0,"x":28.73,"scX":1,"pY":0,"y":68.75,"skY":0,"skX":0,"scY":1},"duration":1}]},{"offset":0.8,"name":"man-body","scale":1,"frame":[{"z":12,"transform":{"pX":0,"x":5.23,"scX":1,"pY":0,"y":-13,"skY":0,"skX":0,"scY":1},"duration":1},{"z":12,"transform":{"pX":0,"x":3.4,"scX":1,"pY":0,"y":-7.95,"skY":3.23,"skX":3.23,"scY":1},"duration":1}]},{"offset":0,"name":"man-right upper arm","scale":1,"frame":[{"z":13,"transform":{"pX":0,"x":44.73,"scX":1,"pY":0,"y":-61.25,"skY":0,"skX":0,"scY":1},"duration":1},{"z":13,"transform":{"pX":0,"x":45.53,"scX":1,"pY":0,"y":-53.9,"skY":3.23,"skX":3.23,"scY":1},"duration":1}]},{"offset":0,"name":"man-shoulder","scale":1,"frame":[{"z":14,"transform":{"pX":0,"x":22.23,"scX":1,"pY":0,"y":-75,"skY":0,"skX":0,"scY":1},"duration":1},{"z":14,"transform":{"pX":0,"x":23.85,"scX":1,"pY":0,"y":-68.9,"skY":3.23,"skX":3.23,"scY":1},"duration":1}]},{"offset":0.8,"name":"man-head","scale":1,"frame":[{"z":15,"transform":{"pX":0,"x":17.23,"scX":1,"pY":0,"y":-74.5,"skY":0,"skX":0,"scY":1},"duration":1},{"z":15,"transform":{"pX":0,"x":18.83,"scX":1,"pY":0,"y":-68.67,"skY":-6.75,"skX":-6.75,"scY":1},"duration":1}]},{"offset":0,"name":"man-weapon","scale":1,"frame":[{"z":16,"transform":{"pX":0,"x":35.23,"scX":1,"pY":0,"y":10,"skY":-5.64,"skX":-5.64,"scY":1},"duration":1},{"z":16,"transform":{"pX":0,"x":32.9,"scX":1,"pY":0,"y":10.23,"skY":-4.42,"skX":-4.42,"scY":1},"duration":1}]},{"offset":0,"name":"man-right fore arm","scale":1,"frame":[{"z":17,"transform":{"pX":0,"x":63.23,"scX":1,"pY":0,"y":-31.75,"skY":-3.74,"skX":-3.74,"scY":1},"duration":1},{"z":17,"transform":{"pX":0,"x":62.35,"scX":1,"pY":0,"y":-23.42,"skY":3.23,"skX":3.23,"scY":1},"duration":1}]}],"scale":24,"tweenEasing":2},{"fadeInTime":0.133,"name":"run","loop":0,"duration":2,"timeline":[{"offset":0,"name":"man-left fore arm","scale":1,"frame":[{"z":0,"transform":{"pX":0,"x":-11.67,"scX":1,"pY":0,"y":-58.5,"skY":12.92,"skX":12.92,"scY":1},"duration":1},{"z":0,"transform":{"pX":0,"x":-10.15,"scX":1,"pY":0,"y":-22.07,"skY":-15,"skX":-15,"scY":1},"duration":1}]},{"offset":0.5,"name":"man-left upper arm","scale":1,"frame":[{"z":1,"transform":{"pX":0,"x":1.48,"scX":1,"pY":0,"y":-81.12,"skY":12.92,"skX":12.92,"scY":1},"duration":1},{"z":1,"transform":{"pX":0,"x":-14.52,"scX":1,"pY":0,"y":-53.75,"skY":-30,"skX":-30,"scY":1},"duration":1}]},{"offset":0.1,"name":"horse-front left feet","scale":1,"frame":[{"z":2,"transform":{"pX":0,"x":-40.83,"scX":1,"pY":0,"y":-17.25,"skY":11.44,"skX":11.44,"scY":1},"duration":1},{"z":2,"transform":{"pX":0,"x":27.23,"scX":1,"pY":0,"y":53.75,"skY":-34.46,"skX":-34.46,"scY":1},"duration":1}]},{"offset":0.9,"name":"horse-front left leg","scale":1,"frame":[{"z":3,"transform":{"pX":0,"x":11,"scX":1,"pY":0,"y":-1.47,"skY":85.44,"skX":85.44,"scY":1},"duration":1},{"z":3,"transform":{"pX":0,"x":15.23,"scX":1,"pY":0,"y":-1.97,"skY":-34.2,"skX":-34.2,"scY":1},"duration":1}]},{"offset":0.3,"name":"horse-back left feet","scale":1,"frame":[{"z":4,"transform":{"pX":0,"x":128.73,"scX":1,"pY":0,"y":7.78,"skY":-128.24,"skX":-128.24,"scY":1},"duration":1},{"z":4,"transform":{"pX":0,"x":77.22,"scX":1,"pY":0,"y":61.75,"skY":15,"skX":15,"scY":1},"duration":1}]},{"offset":0.15,"name":"horse-back left leg","scale":1,"frame":[{"z":5,"transform":{"pX":0,"x":76.22,"scX":1,"pY":0,"y":-13.47,"skY":-52.97,"skX":-52.97,"scY":1},"duration":1},{"z":5,"transform":{"pX":0,"x":81.22,"scX":1,"pY":0,"y":5.53,"skY":15,"skX":15,"scY":1},"duration":1}]},{"offset":0.8,"name":"horse-tail","scale":1.2,"frame":[{"z":6,"transform":{"pX":0,"x":101.75,"scX":1,"pY":0,"y":-21.6,"skY":-60,"skX":-60,"scY":1},"duration":1},{"z":6,"transform":{"pX":0,"x":111.73,"scX":1,"pY":0,"y":-7.97,"skY":0,"skX":0,"scY":1},"duration":1}]},{"offset":0,"name":"horse-body","scale":1,"frame":[{"z":7,"transform":{"pX":0,"x":95.75,"scX":1,"pY":0,"y":0.75,"skY":0,"skX":0,"scY":1},"duration":1},{"z":7,"transform":{"pX":0,"x":100.75,"scX":1,"pY":0,"y":19.75,"skY":0,"skX":0,"scY":1},"duration":1}]},{"offset":0.4,"name":"horse-back right leg","scale":1,"frame":[{"z":8,"transform":{"pX":0,"x":92.98,"scX":1,"pY":0,"y":-8.47,"skY":-30,"skX":-30,"scY":1},"duration":1},{"z":8,"transform":{"pX":0,"x":97.98,"scX":1,"pY":0,"y":10.53,"skY":36.42,"skX":36.42,"scY":1},"duration":1}]},{"offset":0.6,"name":"horse-back right feet","scale":1,"frame":[{"z":9,"transform":{"pX":0,"x":137.23,"scX":1,"pY":0,"y":30.78,"skY":-98.25,"skX":-98.25,"scY":1},"duration":1},{"z":9,"transform":{"pX":0,"x":79.85,"scX":1,"pY":0,"y":67.6,"skY":50.96,"skX":50.96,"scY":1},"duration":1}]},{"offset":0.15,"name":"horse-front right leg","scale":1,"frame":[{"z":10,"transform":{"pX":0,"x":5.98,"scX":1,"pY":0,"y":-0.57,"skY":80.73,"skX":80.73,"scY":1},"duration":1},{"z":10,"transform":{"pX":0,"x":23.73,"scX":1,"pY":0,"y":9.03,"skY":10.97,"skX":10.97,"scY":1},"duration":1}]},{"offset":0.9,"name":"horse-front right feet","scale":1,"frame":[{"z":11,"transform":{"pX":0,"x":-51.27,"scX":1,"pY":0,"y":3.35,"skY":78.74,"skX":78.74,"scY":1},"duration":1},{"z":11,"transform":{"pX":0,"x":5.55,"scX":1,"pY":0,"y":66.75,"skY":-74.93,"skX":-74.93,"scY":1},"duration":1}]},{"offset":0.9,"name":"man-body","scale":1,"frame":[{"z":12,"transform":{"pX":0,"x":11.6,"scX":1,"pY":0,"y":-37,"skY":12.92,"skX":12.92,"scY":1},"duration":1},{"z":12,"transform":{"pX":0,"x":5.23,"scX":1,"pY":0,"y":-13,"skY":0,"skX":0,"scY":1},"duration":1}]},{"offset":0.2,"name":"man-right upper arm","scale":1,"frame":[{"z":13,"transform":{"pX":0,"x":60.93,"scX":1,"pY":0,"y":-75.2,"skY":12.92,"skX":12.92,"scY":1},"duration":1},{"z":13,"transform":{"pX":0,"x":44.73,"scX":1,"pY":0,"y":-61.25,"skY":30,"skX":30,"scY":1},"duration":1}]},{"offset":0,"name":"man-shoulder","scale":1,"frame":[{"z":14,"transform":{"pX":0,"x":42.05,"scX":1,"pY":0,"y":-93.65,"skY":12.92,"skX":12.92,"scY":1},"duration":1},{"z":14,"transform":{"pX":0,"x":22.23,"scX":1,"pY":0,"y":-75,"skY":0,"skX":0,"scY":1},"duration":1}]},{"offset":0.65,"name":"man-head","scale":1,"frame":[{"z":15,"transform":{"pX":0,"x":33.08,"scX":1,"pY":0,"y":-94.27,"skY":20.62,"skX":20.62,"scY":1},"duration":1},{"z":15,"transform":{"pX":0,"x":17.23,"scX":1,"pY":0,"y":-74.5,"skY":0,"skX":0,"scY":1},"duration":1}]},{"offset":0,"name":"man-weapon","scale":1,"frame":[{"z":16,"transform":{"pX":0,"x":28.2,"scX":1,"pY":0,"y":-27.6,"skY":88.04,"skX":88.04,"scY":1},"duration":1},{"z":16,"transform":{"pX":0,"x":-3.57,"scX":1,"pY":0,"y":-2.5,"skY":89.53,"skX":89.53,"scY":1},"duration":1}]},{"offset":0.05,"name":"man-right fore arm","scale":1,"frame":[{"z":17,"transform":{"pX":0,"x":77.83,"scX":1,"pY":0,"y":-46.8,"skY":62.98,"skX":62.98,"scY":1},"duration":1},{"z":17,"transform":{"pX":0,"x":51.53,"scX":1,"pY":0,"y":-26.3,"skY":62.21,"skX":62.21,"scY":1},"duration":1}]}],"scale":6.5,"tweenEasing":2},{"fadeInTime":0.133,"name":"walk","loop":0,"duration":2,"timeline":[{"offset":0.9,"name":"man-left fore arm","scale":1,"frame":[{"z":0,"transform":{"pX":0,"x":-23.77,"scX":1,"pY":0,"y":-31.25,"skY":-8.24,"skX":-8.24,"scY":1},"duration":1},{"z":0,"transform":{"pX":0,"x":-22.27,"scX":1,"pY":0,"y":-28.75,"skY":0,"skX":0,"scY":1},"duration":1}]},{"offset":0,"name":"man-left upper arm","scale":1,"frame":[{"z":1,"transform":{"pX":0,"x":-16.02,"scX":1,"pY":0,"y":-56.25,"skY":0,"skX":0,"scY":1},"duration":1},{"z":1,"transform":{"pX":0,"x":-14.52,"scX":1,"pY":0,"y":-53.75,"skY":0,"skX":0,"scY":1},"duration":1}]},{"offset":0.15,"name":"horse-front left feet","scale":1,"frame":[{"z":2,"transform":{"pX":0,"x":17.23,"scX":1,"pY":0,"y":53.25,"skY":0,"skX":0,"scY":1},"duration":1},{"z":2,"transform":{"pX":0,"x":-34.77,"scX":1,"pY":0,"y":28.85,"skY":-15,"skX":-15,"scY":1},"duration":1}]},{"offset":0.2,"name":"horse-front left leg","scale":1,"frame":[{"z":3,"transform":{"pX":0,"x":13.73,"scX":1,"pY":0,"y":-4.47,"skY":-23.21,"skX":-23.21,"scY":1},"duration":1},{"z":3,"transform":{"pX":0,"x":15.23,"scX":1,"pY":0,"y":7.53,"skY":46.67,"skX":46.67,"scY":1},"duration":1}]},{"offset":0.6,"name":"horse-back left feet","scale":1,"frame":[{"z":4,"transform":{"pX":0,"x":124.73,"scX":1,"pY":0,"y":53.75,"skY":-15,"skX":-15,"scY":1},"duration":1},{"z":4,"transform":{"pX":0,"x":64.72,"scX":1,"pY":0,"y":56.53,"skY":-24.96,"skX":-24.96,"scY":1},"duration":1}]},{"offset":0.5,"name":"horse-back left leg","scale":1,"frame":[{"z":5,"transform":{"pX":0,"x":93.73,"scX":1,"pY":0,"y":6.53,"skY":-23.21,"skX":-23.21,"scY":1},"duration":1},{"z":5,"transform":{"pX":0,"x":81.22,"scX":1,"pY":0,"y":5.53,"skY":30,"skX":30,"scY":1},"duration":1}]},{"offset":0.55,"name":"horse-tail","scale":1.25,"frame":[{"z":6,"transform":{"pX":0,"x":110.23,"scX":1,"pY":0,"y":-10.47,"skY":-10.71,"skX":-10.71,"scY":1},"duration":1},{"z":6,"transform":{"pX":0,"x":111.73,"scX":1,"pY":0,"y":-7.97,"skY":0,"skX":0,"scY":1},"duration":1}]},{"offset":0,"name":"horse-body","scale":1,"frame":[{"z":7,"transform":{"pX":0,"x":99.25,"scX":1,"pY":0,"y":17.25,"skY":0,"skX":0,"scY":1},"duration":1},{"z":7,"transform":{"pX":0,"x":100.75,"scX":1,"pY":0,"y":19.75,"skY":0,"skX":0,"scY":1},"duration":1}]},{"offset":0.45,"name":"horse-back right leg","scale":1,"frame":[{"z":8,"transform":{"pX":0,"x":96.48,"scX":1,"pY":0,"y":8.03,"skY":36.99,"skX":36.99,"scY":1},"duration":1},{"z":8,"transform":{"pX":0,"x":97.98,"scX":1,"pY":0,"y":10.53,"skY":-10.48,"skX":-10.48,"scY":1},"duration":1}]},{"offset":0.5,"name":"horse-back right feet","scale":1,"frame":[{"z":9,"transform":{"pX":0,"x":77.47,"scX":1,"pY":0,"y":62.03,"skY":-6.03,"skX":-6.03,"scY":1},"duration":1},{"z":9,"transform":{"pX":0,"x":126.73,"scX":1,"pY":0,"y":59.28,"skY":0,"skX":0,"scY":1},"duration":1}]},{"offset":0.2,"name":"horse-front right leg","scale":1,"frame":[{"z":10,"transform":{"pX":0,"x":16.73,"scX":1,"pY":0,"y":12.28,"skY":57.72,"skX":57.72,"scY":1},"duration":1},{"z":10,"transform":{"pX":0,"x":32.23,"scX":1,"pY":0,"y":9.03,"skY":0,"skX":0,"scY":1},"duration":1}]},{"offset":0.1,"name":"horse-front right feet","scale":1,"frame":[{"z":11,"transform":{"pX":0,"x":-36.27,"scX":1,"pY":0,"y":36.35,"skY":-15,"skX":-15,"scY":1},"duration":1},{"z":11,"transform":{"pX":0,"x":28.73,"scX":1,"pY":0,"y":68.75,"skY":0,"skX":0,"scY":1},"duration":1}]},{"offset":0,"name":"man-body","scale":1,"frame":[{"z":12,"transform":{"pX":0,"x":3.73,"scX":1,"pY":0,"y":-15.5,"skY":0,"skX":0,"scY":1},"duration":1},{"z":12,"transform":{"pX":0,"x":5.23,"scX":1,"pY":0,"y":-13,"skY":0,"skX":0,"scY":1},"duration":1}]},{"offset":0,"name":"man-right upper arm","scale":1,"frame":[{"z":13,"transform":{"pX":0,"x":43.23,"scX":1,"pY":0,"y":-63.75,"skY":0,"skX":0,"scY":1},"duration":1},{"z":13,"transform":{"pX":0,"x":44.73,"scX":1,"pY":0,"y":-61.25,"skY":0,"skX":0,"scY":1},"duration":1}]},{"offset":0,"name":"man-shoulder","scale":1,"frame":[{"z":14,"transform":{"pX":0,"x":20.73,"scX":1,"pY":0,"y":-77.5,"skY":0,"skX":0,"scY":1},"duration":1},{"z":14,"transform":{"pX":0,"x":22.23,"scX":1,"pY":0,"y":-75,"skY":0,"skX":0,"scY":1},"duration":1}]},{"offset":0.85,"name":"man-head","scale":1,"frame":[{"z":15,"transform":{"pX":0,"x":15.73,"scX":1,"pY":0,"y":-77,"skY":-6.21,"skX":-6.21,"scY":1},"duration":1},{"z":15,"transform":{"pX":0,"x":17.23,"scX":1,"pY":0,"y":-74.5,"skY":0,"skX":0,"scY":1},"duration":1}]},{"offset":0.9,"name":"man-weapon","scale":1,"frame":[{"z":16,"transform":{"pX":0,"x":37.73,"scX":1,"pY":0,"y":9,"skY":-8.63,"skX":-8.63,"scY":1},"duration":1},{"z":16,"transform":{"pX":0,"x":27.73,"scX":1,"pY":0,"y":8.5,"skY":-5.64,"skX":-5.64,"scY":1},"duration":1}]},{"offset":0.9,"name":"man-right fore arm","scale":1,"frame":[{"z":17,"transform":{"pX":0,"x":61.73,"scX":1,"pY":0,"y":-34.25,"skY":-18.74,"skX":-18.74,"scY":1},"duration":1},{"z":17,"transform":{"pX":0,"x":63.23,"scX":1,"pY":0,"y":-31.75,"skY":-3.74,"skX":-3.74,"scY":1},"duration":1}]}],"scale":9,"tweenEasing":2},{"fadeInTime":0.2,"name":"attack","loop":0,"duration":4,"timeline":[{"offset":0,"name":"man-left fore arm","scale":1,"frame":[{"z":0,"transform":{"pX":0,"x":-22.27,"scX":1,"pY":0,"y":-28.75,"skY":0,"skX":0,"scY":1},"duration":1},{"z":0,"transform":{"pX":0,"x":-13.02,"scX":1,"pY":0,"y":-102.17,"skY":54.73,"skX":54.73,"scY":1},"duration":1},{"z":0,"transform":{"pX":0,"x":31.95,"scX":1,"pY":0,"y":-141.27,"skY":156.82,"skX":156.82,"scY":1},"duration":1},{"z":0,"transform":{"pX":0,"x":-47.12,"scX":1,"pY":0,"y":26.2,"skY":-11.74,"skX":-11.74,"scY":1},"duration":1}]},{"offset":0,"name":"man-left upper arm","scale":1,"frame":[{"z":1,"transform":{"pX":0,"x":-14.52,"scX":1,"pY":0,"y":-53.75,"skY":0,"skX":0,"scY":1},"duration":1},{"z":1,"transform":{"pX":0,"x":14.85,"scX":1,"pY":0,"y":-97.25,"skY":77.52,"skX":77.52,"scY":1},"duration":1},{"z":1,"transform":{"pX":0,"x":35.78,"scX":1,"pY":0,"y":-114.32,"skY":159.63,"skX":159.63,"scY":1},"duration":1},{"z":1,"transform":{"pX":0,"x":-42.22,"scX":1,"pY":0,"y":-1.72,"skY":-15.96,"skX":-15.96,"scY":1},"duration":1}]},{"offset":0,"name":"horse-front left feet","scale":1,"frame":[{"z":2,"transform":{"pX":0,"x":-3.27,"scX":1,"pY":0,"y":55.75,"skY":0,"skX":0,"scY":1},"duration":1},{"z":2,"transform":{"pX":0,"x":-19.15,"scX":1,"pY":0,"y":-66.7,"skY":2.52,"skX":2.52,"scY":1},"duration":1},{"z":2,"transform":{"pX":0,"x":-5.67,"scX":1,"pY":0,"y":-18.1,"skY":40.46,"skX":40.46,"scY":1},"duration":1},{"z":2,"transform":{"pX":0,"x":-26.02,"scX":1,"pY":0,"y":51.15,"skY":7.96,"skX":7.96,"scY":1},"duration":1}]},{"offset":0,"name":"horse-front left leg","scale":1,"frame":[{"z":3,"transform":{"pX":0,"x":15.23,"scX":1,"pY":0,"y":-1.97,"skY":0,"skX":0,"scY":1},"duration":1},{"z":3,"transform":{"pX":0,"x":32.75,"scX":1,"pY":0,"y":-45.97,"skY":92.52,"skX":92.52,"scY":1},"duration":1},{"z":3,"transform":{"pX":0,"x":42.45,"scX":1,"pY":0,"y":-50.95,"skY":35.74,"skX":35.74,"scY":1},"duration":1},{"z":3,"transform":{"pX":0,"x":14.18,"scX":1,"pY":0,"y":9.05,"skY":22.71,"skX":22.71,"scY":1},"duration":1}]},{"offset":0,"name":"horse-back left feet","scale":1,"frame":[{"z":4,"transform":{"pX":0,"x":92.23,"scX":1,"pY":0,"y":60.75,"skY":0,"skX":0,"scY":1},"duration":1},{"z":4,"transform":{"pX":0,"x":92.23,"scX":1,"pY":0,"y":60.75,"skY":0,"skX":0,"scY":1},"duration":1},{"z":4,"transform":{"pX":0,"x":92.23,"scX":1,"pY":0,"y":60.75,"skY":0,"skX":0,"scY":1},"duration":1},{"z":4,"transform":{"pX":0,"x":92.23,"scX":1,"pY":0,"y":60.75,"skY":0,"skX":0,"scY":1},"duration":1}]},{"offset":0,"name":"horse-back left leg","scale":1,"frame":[{"z":5,"transform":{"pX":0,"x":81.22,"scX":1,"pY":0,"y":5.53,"skY":0,"skX":0,"scY":1},"duration":1},{"z":5,"transform":{"pX":0,"x":81.22,"scX":1,"pY":0,"y":5.53,"skY":0,"skX":0,"scY":1},"duration":1},{"z":5,"transform":{"pX":0,"x":81.22,"scX":1,"pY":0,"y":5.53,"skY":0,"skX":0,"scY":1},"duration":1},{"z":5,"transform":{"pX":0,"x":81.22,"scX":1,"pY":0,"y":5.53,"skY":0,"skX":0,"scY":1},"duration":1}]},{"offset":0.65,"name":"horse-tail","scale":1.25,"frame":[{"z":6,"transform":{"pX":0,"x":111.73,"scX":1,"pY":0,"y":-7.97,"skY":0,"skX":0,"scY":1},"duration":1},{"z":6,"transform":{"pX":0,"x":111.73,"scX":1,"pY":0,"y":-7.97,"skY":-30,"skX":-30,"scY":1},"duration":1},{"z":6,"transform":{"pX":0,"x":111.73,"scX":1,"pY":0,"y":-7.97,"skY":0,"skX":0,"scY":1},"duration":1},{"z":6,"transform":{"pX":0,"x":104.73,"scX":1,"pY":0,"y":-7.97,"skY":-30,"skX":-30,"scY":1},"duration":1}]},{"offset":0,"name":"horse-body","scale":1,"frame":[{"z":7,"transform":{"pX":0,"x":100.75,"scX":1,"pY":0,"y":19.75,"skY":0,"skX":0,"scY":1},"duration":1},{"z":7,"transform":{"pX":0,"x":93.18,"scX":1,"pY":0,"y":18.3,"skY":32.52,"skX":32.52,"scY":1},"duration":1},{"z":7,"transform":{"pX":0,"x":87.43,"scX":1,"pY":0,"y":16.05,"skY":40.46,"skX":40.46,"scY":1},"duration":1},{"z":7,"transform":{"pX":0,"x":99.4,"scX":1,"pY":0,"y":7.45,"skY":-20.48,"skX":-20.48,"scY":1},"duration":1}]},{"offset":0,"name":"horse-back right leg","scale":1,"frame":[{"z":8,"transform":{"pX":0,"x":97.98,"scX":1,"pY":0,"y":10.53,"skY":0,"skX":0,"scY":1},"duration":1},{"z":8,"transform":{"pX":0,"x":97.98,"scX":1,"pY":0,"y":10.53,"skY":0,"skX":0,"scY":1},"duration":1},{"z":8,"transform":{"pX":0,"x":97.98,"scX":1,"pY":0,"y":10.53,"skY":0,"skX":0,"scY":1},"duration":1},{"z":8,"transform":{"pX":0,"x":97.98,"scX":1,"pY":0,"y":10.53,"skY":0,"skX":0,"scY":1},"duration":1}]},{"offset":0,"name":"horse-back right feet","scale":1,"frame":[{"z":9,"transform":{"pX":0,"x":117.23,"scX":1,"pY":0,"y":65.75,"skY":0,"skX":0,"scY":1},"duration":1},{"z":9,"transform":{"pX":0,"x":117.23,"scX":1,"pY":0,"y":65.75,"skY":0,"skX":0,"scY":1},"duration":1},{"z":9,"transform":{"pX":0,"x":117.23,"scX":1,"pY":0,"y":65.75,"skY":0,"skX":0,"scY":1},"duration":1},{"z":9,"transform":{"pX":0,"x":117.23,"scX":1,"pY":0,"y":65.75,"skY":0,"skX":0,"scY":1},"duration":1}]},{"offset":0,"name":"horse-front right leg","scale":1,"frame":[{"z":10,"transform":{"pX":0,"x":32.23,"scX":1,"pY":0,"y":9.03,"skY":0,"skX":0,"scY":1},"duration":1},{"z":10,"transform":{"pX":0,"x":41.2,"scX":1,"pY":0,"y":-27.6,"skY":47.52,"skX":47.52,"scY":1},"duration":1},{"z":10,"transform":{"pX":0,"x":22.9,"scX":1,"pY":0,"y":-30.25,"skY":120.95,"skX":120.95,"scY":1},"duration":1},{"z":10,"transform":{"pX":0,"x":39.45,"scX":1,"pY":0,"y":26.9,"skY":40.69,"skX":40.69,"scY":1},"duration":1}]},{"offset":0,"name":"horse-front right feet","scale":1,"frame":[{"z":11,"transform":{"pX":0,"x":28.73,"scX":1,"pY":0,"y":68.75,"skY":0,"skX":0,"scY":1},"duration":1},{"z":11,"transform":{"pX":0,"x":-8.62,"scX":1,"pY":0,"y":9.3,"skY":47.52,"skX":47.52,"scY":1},"duration":1},{"z":11,"transform":{"pX":0,"x":-30,"scX":1,"pY":0,"y":-63.87,"skY":-11.75,"skX":-11.75,"scY":1},"duration":1},{"z":11,"transform":{"pX":0,"x":-2.92,"scX":1,"pY":0,"y":68.1,"skY":-2.26,"skX":-2.26,"scY":1},"duration":1}]},{"offset":0,"name":"man-body","scale":1,"frame":[{"z":12,"transform":{"pX":0,"x":5.23,"scX":1,"pY":0,"y":-13,"skY":0,"skX":0,"scY":1},"duration":1},{"z":12,"transform":{"pX":0,"x":32.78,"scX":1,"pY":0,"y":-55.7,"skY":2.52,"skX":2.52,"scY":1},"duration":1},{"z":12,"transform":{"pX":0,"x":36.75,"scX":1,"pY":0,"y":-69.05,"skY":24.63,"skX":24.63,"scY":1},"duration":1},{"z":12,"transform":{"pX":0,"x":0.75,"scX":1,"pY":0,"y":12.38,"skY":-45.96,"skX":-45.96,"scY":1},"duration":1}]},{"offset":0,"name":"man-right upper arm","scale":1,"frame":[{"z":13,"transform":{"pX":0,"x":44.73,"scX":1,"pY":0,"y":-61.25,"skY":0,"skX":0,"scY":1},"duration":1},{"z":13,"transform":{"pX":0,"x":74.35,"scX":1,"pY":0,"y":-102.15,"skY":67.98,"skX":67.98,"scY":1},"duration":1},{"z":13,"transform":{"pX":0,"x":92.75,"scX":1,"pY":0,"y":-96.47,"skY":120.08,"skX":120.08,"scY":1},"duration":1},{"z":13,"transform":{"pX":0,"x":-10.97,"scX":1,"pY":0,"y":-41.07,"skY":29.03,"skX":29.03,"scY":1},"duration":1}]},{"offset":0,"name":"man-shoulder","scale":1,"frame":[{"z":14,"transform":{"pX":0,"x":22.23,"scX":1,"pY":0,"y":-75,"skY":0,"skX":0,"scY":1},"duration":1},{"z":14,"transform":{"pX":0,"x":52.48,"scX":1,"pY":0,"y":-116.9,"skY":2.52,"skX":2.52,"scY":1},"duration":1},{"z":14,"transform":{"pX":0,"x":78.03,"scX":1,"pY":0,"y":-118.37,"skY":24.63,"skX":24.63,"scY":1},"duration":1},{"z":14,"transform":{"pX":0,"x":-32,"scX":1,"pY":0,"y":-42.95,"skY":-45.96,"skX":-45.96,"scY":1},"duration":1}]},{"offset":0,"name":"man-head","scale":1,"frame":[{"z":15,"transform":{"pX":0,"x":17.23,"scX":1,"pY":0,"y":-74.5,"skY":0,"skX":0,"scY":1},"duration":1},{"z":15,"transform":{"pX":0,"x":47.48,"scX":1,"pY":0,"y":-116.62,"skY":-12.47,"skX":-12.47,"scY":1},"duration":1},{"z":15,"transform":{"pX":0,"x":67.78,"scX":1,"pY":0,"y":-118.45,"skY":54.63,"skX":54.63,"scY":1},"duration":1},{"z":15,"transform":{"pX":0,"x":-34.47,"scX":1,"pY":0,"y":-34.4,"skY":-53.17,"skX":-53.17,"scY":1},"duration":1}]},{"offset":0,"name":"man-weapon","scale":1,"frame":[{"z":16,"transform":{"pX":0,"x":35.23,"scX":1,"pY":0,"y":10,"skY":-5.64,"skX":-5.64,"scY":1},"duration":1},{"z":16,"transform":{"pX":0,"x":9.43,"scX":1,"pY":0,"y":-59.12,"skY":29.84,"skX":29.84,"scY":1},"duration":1},{"z":16,"transform":{"pX":0,"x":25,"scX":1,"pY":0,"y":-129.43,"skY":111.94,"skX":111.94,"scY":1},"duration":1},{"z":16,"transform":{"pX":0,"x":-26.62,"scX":1,"pY":0,"y":35.33,"skY":-36.61,"skX":-36.61,"scY":1},"duration":1}]},{"offset":0,"name":"man-right fore arm","scale":1,"frame":[{"z":17,"transform":{"pX":0,"x":63.23,"scX":1,"pY":0,"y":-31.75,"skY":-3.74,"skX":-3.74,"scY":1},"duration":1},{"z":17,"transform":{"pX":0,"x":52.6,"scX":1,"pY":0,"y":-75.12,"skY":35.48,"skX":35.48,"scY":1},"duration":1},{"z":17,"transform":{"pX":0,"x":55.68,"scX":1,"pY":0,"y":-94.6,"skY":102.58,"skX":102.58,"scY":1},"duration":1},{"z":17,"transform":{"pX":0,"x":-10.7,"scX":1,"pY":0,"y":-5.7,"skY":-15.49,"skX":-15.49,"scY":1},"duration":1}]}],"scale":3.5,"tweenEasing":null},{"fadeInTime":0.2,"name":"die","loop":1,"duration":3,"timeline":[{"offset":0,"name":"man-left fore arm","scale":1,"frame":[{"z":0,"transform":{"pX":0,"x":-22.27,"scX":1,"pY":0,"y":-28.75,"skY":0,"skX":0,"scY":1},"duration":1},{"z":0,"transform":{"pX":0,"x":-35.05,"scX":1,"pY":0,"y":25.9,"skY":-59.52,"skX":-59.52,"scY":1},"duration":1},{"z":0,"transform":{"pX":0,"x":-2.75,"scX":1,"pY":0,"y":20,"skY":-62.53,"skX":-62.53,"scY":1},"duration":1}]},{"offset":0,"name":"man-left upper arm","scale":1,"frame":[{"z":1,"transform":{"pX":0,"x":-14.52,"scX":1,"pY":0,"y":-53.75,"skY":0,"skX":0,"scY":1},"duration":1},{"z":1,"transform":{"pX":0,"x":-28.37,"scX":1,"pY":0,"y":-0.62,"skY":-14.51,"skX":-14.51,"scY":1},"duration":1},{"z":1,"transform":{"pX":0,"x":-2.72,"scX":1,"pY":0,"y":-6.05,"skY":-25.76,"skX":-25.76,"scY":1},"duration":1}]},{"offset":0,"name":"horse-front left feet","scale":1,"frame":[{"z":2,"transform":{"pX":0,"x":-3.27,"scX":1,"pY":0,"y":55.75,"skY":0,"skX":0,"scY":1},"duration":1},{"z":2,"transform":{"pX":0,"x":-12.95,"scX":1,"pY":0,"y":91.03,"skY":-85.96,"skX":-85.96,"scY":1},"duration":1},{"z":2,"transform":{"pX":0,"x":-1.45,"scX":1,"pY":0,"y":98.53,"skY":-85.96,"skX":-85.96,"scY":1},"duration":1}]},{"offset":0,"name":"horse-front left leg","scale":1,"frame":[{"z":3,"transform":{"pX":0,"x":15.23,"scX":1,"pY":0,"y":-1.97,"skY":0,"skX":0,"scY":1},"duration":1},{"z":3,"transform":{"pX":0,"x":9.32,"scX":1,"pY":0,"y":41.53,"skY":9.98,"skX":9.98,"scY":1},"duration":1},{"z":3,"transform":{"pX":0,"x":20.83,"scX":1,"pY":0,"y":49.03,"skY":9.98,"skX":9.98,"scY":1},"duration":1}]},{"offset":0,"name":"horse-back left feet","scale":1,"frame":[{"z":4,"transform":{"pX":0,"x":92.23,"scX":1,"pY":0,"y":60.75,"skY":0,"skX":0,"scY":1},"duration":1},{"z":4,"transform":{"pX":0,"x":92.23,"scX":1,"pY":0,"y":60.75,"skY":0,"skX":0,"scY":1},"duration":1},{"z":4,"transform":{"pX":0,"x":130.82,"scX":1,"pY":0,"y":86.68,"skY":60.81,"skX":60.81,"scY":1},"duration":1}]},{"offset":0,"name":"horse-back left leg","scale":1,"frame":[{"z":5,"transform":{"pX":0,"x":81.22,"scX":1,"pY":0,"y":5.53,"skY":0,"skX":0,"scY":1},"duration":1},{"z":5,"transform":{"pX":0,"x":81.22,"scX":1,"pY":0,"y":5.53,"skY":0,"skX":0,"scY":1},"duration":1},{"z":5,"transform":{"pX":0,"x":90.5,"scX":1,"pY":0,"y":61.58,"skY":-53.18,"skX":-53.18,"scY":1},"duration":1}]},{"offset":0,"name":"horse-tail","scale":1,"frame":[{"z":6,"transform":{"pX":0,"x":111.73,"scX":1,"pY":0,"y":-7.97,"skY":0,"skX":0,"scY":1},"duration":1},{"z":6,"transform":{"pX":0,"x":111.73,"scX":1,"pY":0,"y":-7.97,"skY":0,"skX":0,"scY":1},"duration":1},{"z":6,"transform":{"pX":0,"x":123.63,"scX":1,"pY":0,"y":65.58,"skY":-14.19,"skX":-14.19,"scY":1},"duration":1}]},{"offset":0,"name":"horse-body","scale":1,"frame":[{"z":7,"transform":{"pX":0,"x":100.75,"scX":1,"pY":0,"y":19.75,"skY":0,"skX":0,"scY":1},"duration":1},{"z":7,"transform":{"pX":0,"x":97.83,"scX":1,"pY":0,"y":6.63,"skY":-33.71,"skX":-33.71,"scY":1},"duration":1},{"z":7,"transform":{"pX":0,"x":104.2,"scX":1,"pY":0,"y":71,"skY":-2.9,"skX":-2.9,"scY":1},"duration":1}]},{"offset":0,"name":"horse-back right leg","scale":1,"frame":[{"z":8,"transform":{"pX":0,"x":97.98,"scX":1,"pY":0,"y":10.53,"skY":0,"skX":0,"scY":1},"duration":1},{"z":8,"transform":{"pX":0,"x":97.98,"scX":1,"pY":0,"y":10.53,"skY":0,"skX":0,"scY":1},"duration":1},{"z":8,"transform":{"pX":0,"x":102.33,"scX":1,"pY":0,"y":69.93,"skY":-39.36,"skX":-39.36,"scY":1},"duration":1}]},{"offset":0,"name":"horse-back right feet","scale":1,"frame":[{"z":9,"transform":{"pX":0,"x":117.23,"scX":1,"pY":0,"y":65.75,"skY":0,"skX":0,"scY":1},"duration":1},{"z":9,"transform":{"pX":0,"x":117.23,"scX":1,"pY":0,"y":65.75,"skY":0,"skX":0,"scY":1},"duration":1},{"z":9,"transform":{"pX":0,"x":150.4,"scX":1,"pY":0,"y":105.13,"skY":70.27,"skX":70.27,"scY":1},"duration":1}]},{"offset":0,"name":"horse-front right leg","scale":1,"frame":[{"z":10,"transform":{"pX":0,"x":32.23,"scX":1,"pY":0,"y":9.03,"skY":0,"skX":0,"scY":1},"duration":1},{"z":10,"transform":{"pX":0,"x":24.35,"scX":1,"pY":0,"y":67.55,"skY":36,"skX":36,"scY":1},"duration":1},{"z":10,"transform":{"pX":0,"x":24.35,"scX":1,"pY":0,"y":67.55,"skY":36,"skX":36,"scY":1},"duration":1}]},{"offset":0,"name":"horse-front right feet","scale":1,"frame":[{"z":11,"transform":{"pX":0,"x":28.73,"scX":1,"pY":0,"y":68.75,"skY":0,"skX":0,"scY":1},"duration":1},{"z":11,"transform":{"pX":0,"x":-8.68,"scX":1,"pY":0,"y":109.6,"skY":-93.71,"skX":-93.71,"scY":1},"duration":1},{"z":11,"transform":{"pX":0,"x":-8.68,"scX":1,"pY":0,"y":109.6,"skY":-93.71,"skX":-93.71,"scY":1},"duration":1}]},{"offset":0,"name":"man-body","scale":1,"frame":[{"z":12,"transform":{"pX":0,"x":5.23,"scX":1,"pY":0,"y":-13,"skY":0,"skX":0,"scY":1},"duration":1},{"z":12,"transform":{"pX":0,"x":-13.27,"scX":1,"pY":0,"y":48.93,"skY":15.48,"skX":15.48,"scY":1},"duration":1},{"z":12,"transform":{"pX":0,"x":1.93,"scX":1,"pY":0,"y":41.83,"skY":27.47,"skX":27.47,"scY":1},"duration":1}]},{"offset":0,"name":"man-right upper arm","scale":1,"frame":[{"z":13,"transform":{"pX":0,"x":44.73,"scX":1,"pY":0,"y":-61.25,"skY":0,"skX":0,"scY":1},"duration":1},{"z":13,"transform":{"pX":0,"x":28.7,"scX":1,"pY":0,"y":7.95,"skY":15.48,"skX":15.48,"scY":1},"duration":1},{"z":13,"transform":{"pX":0,"x":51.33,"scX":1,"pY":0,"y":14.18,"skY":27.47,"skX":27.47,"scY":1},"duration":1}]},{"offset":0,"name":"man-shoulder","scale":1,"frame":[{"z":14,"transform":{"pX":0,"x":22.23,"scX":1,"pY":0,"y":-75,"skY":0,"skX":0,"scY":1},"duration":1},{"z":14,"transform":{"pX":0,"x":10.68,"scX":1,"pY":0,"y":-11.27,"skY":15.48,"skX":15.48,"scY":1},"duration":1},{"z":14,"transform":{"pX":0,"x":37.7,"scX":1,"pY":0,"y":-8.35,"skY":27.47,"skX":27.47,"scY":1},"duration":1}]},{"offset":0,"name":"man-head","scale":1,"frame":[{"z":15,"transform":{"pX":0,"x":17.23,"scX":1,"pY":0,"y":-74.5,"skY":0,"skX":0,"scY":1},"duration":1},{"z":15,"transform":{"pX":0,"x":4.25,"scX":1,"pY":0,"y":-15.12,"skY":-30.68,"skX":-30.68,"scY":1},"duration":1},{"z":15,"transform":{"pX":0,"x":22.5,"scX":1,"pY":0,"y":-15.8,"skY":-48.69,"skX":-48.69,"scY":1},"duration":1}]},{"offset":0,"name":"man-weapon","scale":1,"frame":[{"z":16,"transform":{"pX":0,"x":35.23,"scX":1,"pY":0,"y":10,"skY":-5.64,"skX":-5.64,"scY":1},"duration":1},{"z":16,"transform":{"pX":0,"x":33.8,"scX":1,"pY":0,"y":87.1,"skY":-12.64,"skX":-12.64,"scY":1},"duration":1},{"z":16,"transform":{"pX":0,"x":50.28,"scX":1,"pY":0,"y":114.63,"skY":-1.24,"skX":-1.24,"scY":1},"duration":1}]},{"offset":0,"name":"man-right fore arm","scale":1,"frame":[{"z":17,"transform":{"pX":0,"x":63.23,"scX":1,"pY":0,"y":-31.75,"skY":-3.74,"skX":-3.74,"scY":1},"duration":1},{"z":17,"transform":{"pX":0,"x":35.5,"scX":1,"pY":0,"y":36.42,"skY":-33.25,"skX":-33.25,"scY":1},"duration":1},{"z":17,"transform":{"pX":0,"x":52.05,"scX":1,"pY":0,"y":43.45,"skY":-36.26,"skX":-36.26,"scY":1},"duration":1}]}],"scale":6.67,"tweenEasing":null}],"bone":[{"name":"man-right fore arm","transform":{"x":63.23,"scX":1,"y":-31.75,"skY":-3.74,"skX":-3.74,"scY":1},"parent":"man-right upper arm"},{"name":"man-weapon","transform":{"x":35.23,"scX":1,"y":10,"skY":-5.64,"skX":-5.64,"scY":1},"parent":"man-right fore arm"},{"name":"man-head","transform":{"x":17.23,"scX":1,"y":-74.5,"skY":0,"skX":0,"scY":1},"parent":"man-body"},{"name":"man-shoulder","transform":{"x":22.23,"scX":1,"y":-75,"skY":0,"skX":0,"scY":1},"parent":"man-body"},{"name":"man-right upper arm","transform":{"x":44.73,"scX":1,"y":-61.25,"skY":0,"skX":0,"scY":1},"parent":"man-body"},{"name":"man-body","transform":{"x":5.23,"scX":1,"y":-13,"skY":0,"skX":0,"scY":1},"parent":"horse-body"},{"name":"horse-front right feet","transform":{"x":28.73,"scX":1,"y":68.75,"skY":0,"skX":0,"scY":1},"parent":"horse-front right leg"},{"name":"horse-front right leg","transform":{"x":32.23,"scX":1,"y":9.03,"skY":0,"skX":0,"scY":1},"parent":"horse-body"},{"name":"horse-back right feet","transform":{"x":117.23,"scX":1,"y":65.75,"skY":0,"skX":0,"scY":1},"parent":"horse-back right leg"},{"name":"horse-back right leg","transform":{"x":97.98,"scX":1,"y":10.53,"skY":0,"skX":0,"scY":1},"parent":"horse-body"},{"transform":{"x":100.75,"scX":1,"y":19.75,"skY":0,"skX":0,"scY":1},"name":"horse-body"},{"name":"horse-tail","transform":{"x":111.73,"scX":1,"y":-7.97,"skY":0,"skX":0,"scY":1},"parent":"horse-body"},{"name":"horse-back left leg","transform":{"x":81.22,"scX":1,"y":5.53,"skY":0,"skX":0,"scY":1},"parent":"horse-body"},{"name":"horse-back left feet","transform":{"x":92.23,"scX":1,"y":60.75,"skY":0,"skX":0,"scY":1},"parent":"horse-back left leg"},{"name":"horse-front left leg","transform":{"x":15.23,"scX":1,"y":-1.97,"skY":0,"skX":0,"scY":1},"parent":"horse-body"},{"name":"horse-front left feet","transform":{"x":-3.27,"scX":1,"y":55.75,"skY":0,"skX":0,"scY":1},"parent":"horse-front left leg"},{"name":"man-left upper arm","transform":{"x":-14.52,"scX":1,"y":-53.75,"skY":0,"skX":0,"scY":1},"parent":"man-body"},{"name":"man-left fore arm","transform":{"x":-22.27,"scX":1,"y":-28.75,"skY":0,"skX":0,"scY":1},"parent":"man-left upper arm"}]},{"skin":[{"name":0,"slot":[{"display":[{"name":"bird/stone","type":"image","transform":{"pX":0,"x":-47.75,"scX":1,"pY":0,"y":-43,"skY":0,"skX":0,"scY":1}}],"name":"stone","z":0,"parent":"stone"},{"display":[{"name":"bird/left feet","type":"image","transform":{"pX":21,"x":0,"scX":1,"pY":10,"y":0,"skY":0,"skX":0,"scY":1}}],"name":"left feet","z":1,"parent":"left feet"},{"display":[{"name":"bird/right feet","type":"image","transform":{"pX":26,"x":0,"scX":1,"pY":13,"y":0,"skY":0,"skX":0,"scY":1}}],"name":"right feet","z":2,"parent":"right feet"},{"display":[{"name":"bird/left fore wing","type":"image","transform":{"pX":58.98,"x":0,"scX":1,"pY":124.95,"y":0,"skY":0,"skX":0,"scY":1}}],"name":"left fore wing","z":3,"parent":"left fore wing"},{"display":[{"name":"bird/left upper wing","type":"image","transform":{"pX":92.98,"x":0,"scX":1,"pY":72.95,"y":0,"skY":0,"skX":0,"scY":1}}],"name":"left upper wing","z":4,"parent":"left upper wing"},{"display":[{"name":"bird/body","type":"image","transform":{"pX":84.98,"x":0,"scX":1,"pY":65.97,"y":0,"skY":0,"skX":0,"scY":1}}],"name":"body","z":5,"parent":"body"},{"display":[{"name":"bird/left feather","type":"image","transform":{"pX":11,"x":0,"scX":1,"pY":30,"y":0,"skY":0,"skX":0,"scY":1}}],"name":"left feather","z":6,"parent":"left feather"},{"display":[{"name":"bird/right feather","type":"image","transform":{"pX":10,"x":0,"scX":1,"pY":12,"y":0,"skY":0,"skX":0,"scY":1}}],"name":"right feather","z":7,"parent":"right feather"},{"display":[{"name":"bird/middle feather","type":"image","transform":{"pX":10.98,"x":0,"scX":1,"pY":24,"y":0,"skY":0,"skX":0,"scY":1}}],"name":"middle feather","z":8,"parent":"middle feather"},{"display":[{"name":"bird/neck","type":"image","transform":{"pX":106.98,"x":0,"scX":1,"pY":54.98,"y":0,"skY":0,"skX":0,"scY":1}}],"name":"neck","z":9,"parent":"neck"},{"display":[{"name":"bird/head","type":"image","transform":{"pX":112.98,"x":0,"scX":1,"pY":20,"y":0,"skY":0,"skX":0,"scY":1}}],"name":"head","z":10,"parent":"head"},{"display":[{"name":"bird/necklace","type":"image","transform":{"pX":25,"x":-0.75,"scX":1,"pY":35.98,"y":-1.27,"skY":0,"skX":0,"scY":1}}],"name":"necklace","z":11,"parent":"necklace"},{"display":[{"name":"bird/right upper wing","type":"image","transform":{"pX":32.98,"x":0,"scX":1,"pY":100.98,"y":0,"skY":0,"skX":0,"scY":1}}],"name":"right upper wing","z":12,"parent":"right upper wing"},{"display":[{"name":"bird/right fore wing","type":"image","transform":{"pX":42.98,"x":0,"scX":1,"pY":137.95,"y":0,"skY":0,"skX":0,"scY":1}}],"name":"right fore wing","z":13,"parent":"right fore wing"}]}],"name":"bird/charactor","animation":[{"fadeInTime":0.167,"name":"fly","loop":0,"duration":2,"timeline":[{"offset":0,"name":"stone","scale":1,"frame":[{"z":0,"transform":{"pX":0,"x":-9.5,"scX":1.65,"pY":0,"y":118.48,"skY":0,"skX":0,"scY":1.65},"duration":2}]},{"offset":0.7,"name":"left feet","scale":1.25,"frame":[{"z":1,"transform":{"pX":0,"x":-19.02,"scX":1,"pY":0,"y":2.28,"skY":0,"skX":0,"scY":1},"duration":1},{"z":1,"transform":{"pX":0,"x":-33.5,"scX":1,"pY":0,"y":-24.72,"skY":-15.52,"skX":-15.52,"scY":1},"duration":1}]},{"offset":0.7,"name":"right feet","scale":1.25,"frame":[{"z":2,"transform":{"pX":0,"x":23.43,"scX":1,"pY":0,"y":6.28,"skY":0,"skX":0,"scY":1},"duration":1},{"z":2,"transform":{"pX":0,"x":7.4,"scX":1,"pY":0,"y":-12.72,"skY":-9.96,"skX":-9.96,"scY":1},"duration":1}]},{"offset":0.7,"name":"left fore wing","scale":1,"frame":[{"z":3,"transform":{"pX":0,"x":-46.55,"scX":1,"pY":0,"y":-76.45,"skY":-11.78,"skX":-11.78,"scY":1},"duration":1},{"z":3,"transform":{"pX":0,"x":-91.27,"scX":1,"pY":0,"y":-60.25,"skY":-36.45,"skX":143.55,"scY":0.69},"duration":1}]},{"offset":0,"name":"left upper wing","scale":1,"frame":[{"z":4,"transform":{"pX":0,"x":4.55,"scX":1,"pY":0,"y":-4.4,"skY":15.97,"skX":15.97,"scY":1},"duration":1},{"z":4,"transform":{"pX":0,"x":-0.87,"scX":1,"pY":0,"y":-44.22,"skY":-24.51,"skX":-24.51,"scY":0.82},"duration":1}]},{"offset":0,"name":"body","scale":1,"frame":[{"z":5,"transform":{"pX":0,"x":24,"scX":1,"pY":0,"y":9.75,"skY":0,"skX":0,"scY":1},"duration":1},{"z":5,"transform":{"pX":0,"x":7.3,"scX":1,"pY":0,"y":-9.18,"skY":10.98,"skX":10.98,"scY":1},"duration":1}]},{"offset":0.9,"name":"left feather","scale":1.45,"frame":[{"z":6,"transform":{"pX":0,"x":106.53,"scX":1,"pY":0,"y":-40.22,"skY":0,"skX":0,"scY":1},"duration":1},{"z":6,"transform":{"pX":0,"x":97.83,"scX":1,"pY":0,"y":-42.52,"skY":-0.49,"skX":-0.49,"scY":1},"duration":1}]},{"offset":0.85,"name":"right feather","scale":0.65,"frame":[{"z":7,"transform":{"pX":0,"x":111.78,"scX":1,"pY":0,"y":-29.97,"skY":0,"skX":0,"scY":1},"duration":1},{"z":7,"transform":{"pX":0,"x":101.03,"scX":1,"pY":0,"y":-31.45,"skY":5,"skX":5,"scY":1},"duration":1}]},{"offset":0.8,"name":"middle feather","scale":1.2,"frame":[{"z":8,"transform":{"pX":0,"x":108.5,"scX":1,"pY":0,"y":-33.97,"skY":0,"skX":0,"scY":1},"duration":1},{"z":8,"transform":{"pX":0,"x":98.6,"scX":1,"pY":0,"y":-36,"skY":1.75,"skX":1.75,"scY":1},"duration":1}]},{"offset":0.05,"name":"neck","scale":1,"frame":[{"z":9,"transform":{"pX":0,"x":-39.97,"scX":1,"pY":0,"y":-16.25,"skY":30,"skX":30,"scY":1},"duration":1},{"z":9,"transform":{"pX":0,"x":-50.75,"scX":1,"pY":0,"y":-45.92,"skY":10.98,"skX":10.98,"scY":1},"duration":1}]},{"offset":0.95,"name":"head","scale":1,"frame":[{"z":10,"transform":{"pX":0,"x":-123.02,"scX":1,"pY":0,"y":-41.9,"skY":7.45,"skX":7.45,"scY":1},"duration":1},{"z":10,"transform":{"pX":0,"x":-136.52,"scX":1,"pY":0,"y":-39.77,"skY":10.98,"skX":10.98,"scY":1},"duration":1}]},{"offset":0,"name":"necklace","scale":1,"frame":[{"z":11,"transform":{"pX":0,"x":-21.75,"scX":1,"pY":0,"y":-13.2,"skY":0,"skX":0,"scY":1},"duration":1},{"z":11,"transform":{"pX":0,"x":-33.22,"scX":1,"pY":0.03,"y":-40.42,"skY":10.98,"skX":10.98,"scY":1},"duration":1}]},{"offset":0,"name":"right upper wing","scale":1,"frame":[{"z":12,"transform":{"pX":0,"x":43.15,"scX":1,"pY":0,"y":-22.65,"skY":-15.72,"skX":-15.72,"scY":1},"duration":1},{"z":12,"transform":{"pX":0,"x":22.48,"scX":1,"pY":0,"y":-34.87,"skY":40.98,"skX":40.98,"scY":0.78},"duration":1}]},{"offset":0.7,"name":"right fore wing","scale":1,"frame":[{"z":13,"transform":{"pX":0,"x":100.68,"scX":1,"pY":0,"y":-113,"skY":6.39,"skX":6.39,"scY":1},"duration":1},{"z":13,"transform":{"pX":0,"x":147.85,"scX":1,"pY":0,"y":-14.37,"skY":55.75,"skX":-124.25,"scY":0.71},"duration":1}]}],"scale":7,"tweenEasing":2},{"fadeInTime":0.2,"name":"attack","loop":0,"duration":3,"timeline":[{"offset":0,"name":"stone","scale":1,"frame":[{"z":0,"transform":{"pX":0,"x":-33.5,"scX":1.65,"pY":-0.02,"y":118.48,"skY":15,"skX":15,"scY":1.65},"duration":1},{"z":0,"transform":{"pX":0,"x":-69.03,"scX":1.65,"pY":0,"y":50.8,"skY":36.72,"skX":36.72,"scY":1.65},"duration":1},{"displayIndex":-1,"duration":1}]},{"offset":0,"name":"left feet","scale":1,"frame":[{"z":1,"transform":{"pX":0,"x":-10.2,"scX":1,"pY":0,"y":10.65,"skY":6.94,"skX":6.94,"scY":1},"duration":1},{"z":1,"transform":{"pX":0,"x":-1.9,"scX":1,"pY":0,"y":-58.6,"skY":24.18,"skX":24.18,"scY":1},"duration":1},{"z":1,"transform":{"pX":0,"x":-4.97,"scX":1,"pY":0,"y":-34.58,"skY":51.94,"skX":51.94,"scY":1},"duration":1}]},{"offset":0,"name":"right feet","scale":1,"frame":[{"z":2,"transform":{"pX":0,"x":31.43,"scX":1,"pY":0,"y":19.75,"skY":6.94,"skX":6.94,"scY":1},"duration":1},{"z":2,"transform":{"pX":0,"x":21.88,"scX":1,"pY":0,"y":-23.25,"skY":29.73,"skX":29.73,"scY":1},"duration":1},{"z":2,"transform":{"pX":0,"x":26.55,"scX":1,"pY":0,"y":-6.75,"skY":51.94,"skX":51.94,"scY":1},"duration":1}]},{"offset":0,"name":"left fore wing","scale":1,"frame":[{"z":3,"transform":{"pX":0,"x":0.33,"scX":1,"pY":0,"y":-103.2,"skY":25.16,"skX":25.16,"scY":1},"duration":1},{"z":3,"transform":{"pX":0,"x":-23.67,"scX":1,"pY":0,"y":-122.8,"skY":3.24,"skX":-176.76,"scY":0.69},"duration":1},{"z":3,"transform":{"pX":0,"x":28.3,"scX":1,"pY":0,"y":-118.2,"skY":25.16,"skX":25.16,"scY":1},"duration":1}]},{"offset":0,"name":"left upper wing","scale":1,"frame":[{"z":4,"transform":{"pX":0,"x":-2.12,"scX":1,"pY":0,"y":-14.9,"skY":52.91,"skX":52.91,"scY":1},"duration":1},{"z":4,"transform":{"pX":0,"x":35.65,"scX":1,"pY":0,"y":-52.75,"skY":15.19,"skX":15.19,"scY":0.82},"duration":1},{"z":4,"transform":{"pX":0,"x":25.85,"scX":1,"pY":0,"y":-29.9,"skY":52.91,"skX":52.91,"scY":1},"duration":1}]},{"offset":0,"name":"body","scale":1,"frame":[{"z":5,"transform":{"pX":0,"x":4.95,"scX":1,"pY":0,"y":8.1,"skY":36.94,"skX":36.94,"scY":1},"duration":1},{"z":5,"transform":{"pX":0,"x":19.55,"scX":1,"pY":0,"y":-20.55,"skY":50.67,"skX":50.67,"scY":1},"duration":1},{"z":5,"transform":{"pX":0,"x":32.92,"scX":1,"pY":0,"y":-6.9,"skY":36.94,"skX":36.94,"scY":1},"duration":1}]},{"offset":0,"name":"left feather","scale":1,"frame":[{"z":6,"transform":{"pX":0,"x":100.93,"scX":1,"pY":0,"y":17.75,"skY":36.94,"skX":36.94,"scY":1},"duration":1},{"z":6,"transform":{"pX":0,"x":110.53,"scX":1,"pY":0,"y":11.58,"skY":39.2,"skX":39.2,"scY":1},"duration":1},{"z":6,"transform":{"pX":0,"x":128.9,"scX":1,"pY":0,"y":2.75,"skY":36.94,"skX":36.94,"scY":1},"duration":1}]},{"offset":0,"name":"right feather","scale":1,"frame":[{"z":7,"transform":{"pX":0,"x":98.95,"scX":1,"pY":0,"y":29.1,"skY":36.94,"skX":36.94,"scY":1},"duration":1},{"z":7,"transform":{"pX":0,"x":105.93,"scX":1,"pY":0,"y":22.18,"skY":44.69,"skX":44.69,"scY":1},"duration":1},{"z":7,"transform":{"pX":0,"x":126.93,"scX":1,"pY":0,"y":14.1,"skY":36.94,"skX":36.94,"scY":1},"duration":1}]},{"offset":0,"name":"middle feather","scale":1,"frame":[{"z":8,"transform":{"pX":0,"x":98.75,"scX":1,"pY":0,"y":23.95,"skY":36.94,"skX":36.94,"scY":1},"duration":1},{"z":8,"transform":{"pX":0,"x":106.95,"scX":1,"pY":0,"y":17.13,"skY":41.44,"skX":41.44,"scY":1},"duration":1},{"z":8,"transform":{"pX":0,"x":126.73,"scX":1,"pY":0,"y":8.95,"skY":36.94,"skX":36.94,"scY":1},"duration":1}]},{"offset":0,"name":"neck","scale":1,"frame":[{"z":9,"transform":{"pX":0,"x":-30.6,"scX":1,"pY":0,"y":-51.12,"skY":66.94,"skX":66.94,"scY":1},"duration":1},{"z":9,"transform":{"pX":0,"x":-1.62,"scX":1,"pY":0,"y":-85.92,"skY":50.67,"skX":50.67,"scY":1},"duration":1},{"z":9,"transform":{"pX":0,"x":-2.62,"scX":1,"pY":0,"y":-66.12,"skY":66.94,"skX":66.94,"scY":1},"duration":1}]},{"offset":0,"name":"head","scale":1,"frame":[{"z":10,"transform":{"pX":0,"x":-81.55,"scX":1,"pY":0,"y":-121.52,"skY":44.4,"skX":44.4,"scY":1},"duration":1},{"z":10,"transform":{"pX":0,"x":-71.55,"scX":1,"pY":0,"y":-135.95,"skY":50.67,"skX":50.67,"scY":1},"duration":1},{"z":10,"transform":{"pX":0,"x":-53.57,"scX":1,"pY":0,"y":-136.52,"skY":59.4,"skX":59.4,"scY":1},"duration":1}]},{"offset":0,"name":"necklace","scale":1,"frame":[{"z":11,"transform":{"pX":-0.05,"x":-17.87,"scX":1,"pY":-0.05,"y":-37.7,"skY":36.94,"skX":36.94,"scY":1},"duration":1},{"z":11,"transform":{"pX":-0.05,"x":8.3,"scX":1,"pY":-0.02,"y":-70.45,"skY":50.67,"skX":50.67,"scY":1},"duration":1},{"z":11,"transform":{"pX":-0.05,"x":10.1,"scX":1,"pY":-0.05,"y":-52.7,"skY":36.94,"skX":36.94,"scY":1},"duration":1}]},{"offset":0,"name":"right upper wing","scale":1,"frame":[{"z":12,"transform":{"pX":0,"x":39.73,"scX":1,"pY":0,"y":-6.3,"skY":21.22,"skX":21.22,"scY":1},"duration":1},{"z":12,"transform":{"pX":0,"x":47.65,"scX":1,"pY":0,"y":-30.65,"skY":80.67,"skX":80.67,"scY":0.78},"duration":1},{"z":12,"transform":{"pX":0,"x":67.7,"scX":1,"pY":0,"y":-21.3,"skY":21.22,"skX":21.22,"scY":1},"duration":1}]},{"offset":0,"name":"right fore wing","scale":1,"frame":[{"z":13,"transform":{"pX":0,"x":139.98,"scX":1,"pY":0,"y":-43.92,"skY":43.33,"skX":43.33,"scY":1},"duration":1},{"z":13,"transform":{"pX":0,"x":131.03,"scX":1,"pY":0,"y":65.2,"skY":95.44,"skX":-84.56,"scY":0.71},"duration":1},{"z":13,"transform":{"pX":0,"x":167.95,"scX":1,"pY":0,"y":-58.92,"skY":43.33,"skX":43.33,"scY":1},"duration":1}]}],"scale":4,"tweenEasing":null},{"fadeInTime":0.233,"name":"die","loop":0,"duration":2,"timeline":[{"offset":0.3,"name":"left feet","scale":1.3,"frame":[{"z":1,"transform":{"pX":0,"x":-18.67,"scX":1,"pY":0,"y":-0.47,"skY":-113.46,"skX":-113.46,"scY":1},"duration":1},{"z":1,"transform":{"pX":0,"x":-18.12,"scX":1,"pY":0,"y":-33.52,"skY":-150.69,"skX":-150.69,"scY":1},"duration":1}]},{"offset":0.8,"name":"right feet","scale":1.25,"frame":[{"z":2,"transform":{"pX":0,"x":-15.35,"scX":1,"pY":0,"y":-61.1,"skY":-122.9,"skX":-122.9,"scY":1},"duration":1},{"z":2,"transform":{"pX":0,"x":-38.7,"scX":1,"pY":0,"y":-70.85,"skY":-145.13,"skX":-145.13,"scY":1},"duration":1}]},{"offset":0.9,"name":"left fore wing","scale":0.8,"frame":[{"z":3,"transform":{"pX":0,"x":-136.75,"scX":1,"pY":0,"y":-44.35,"skY":127.8,"skX":-52.2,"scY":0.69},"duration":1},{"z":3,"transform":{"pX":0,"x":-134.02,"scX":1,"pY":0,"y":-5.82,"skY":64.86,"skX":-115.14,"scY":0.69},"duration":1}]},{"offset":0.65,"name":"left upper wing","scale":0.8,"frame":[{"z":4,"transform":{"pX":0,"x":-55.45,"scX":1,"pY":0,"y":-19.73,"skY":-25.25,"skX":-25.25,"scY":0.82},"duration":1},{"z":4,"transform":{"pX":0,"x":-48.2,"scX":1,"pY":0,"y":-32.12,"skY":-58.2,"skX":-58.2,"scY":0.82},"duration":1}]},{"offset":0,"name":"body","scale":1,"frame":[{"z":5,"transform":{"pX":0,"x":-20.5,"scX":1,"pY":0,"y":-28.32,"skY":-79.76,"skX":-79.76,"scY":1},"duration":1},{"z":5,"transform":{"pX":0,"x":-23.45,"scX":1,"pY":0,"y":-37.42,"skY":-86.99,"skX":-86.99,"scY":1},"duration":1}]},{"offset":0.55,"name":"left feather","scale":0.8,"frame":[{"z":6,"transform":{"pX":0,"x":-55.02,"scX":1,"pY":0,"y":-118.45,"skY":-106.24,"skX":-106.24,"scY":1},"duration":1},{"z":6,"transform":{"pX":0,"x":-69.05,"scX":1,"pY":0,"y":-122.47,"skY":-98.47,"skX":-98.47,"scY":1},"duration":1}]},{"offset":0.3,"name":"right feather","scale":1.35,"frame":[{"z":7,"transform":{"pX":0,"x":-44,"scX":1,"pY":0,"y":-121.77,"skY":-85.75,"skX":-85.75,"scY":1},"duration":1},{"z":7,"transform":{"pX":0,"x":-58.52,"scX":1,"pY":0,"y":-127.17,"skY":-92.98,"skX":-92.98,"scY":1},"duration":1}]},{"offset":0.7,"name":"middle feather","scale":1.55,"frame":[{"z":8,"transform":{"pX":0,"x":-48.52,"scX":1,"pY":0,"y":-119.32,"skY":-97.7,"skX":-97.7,"scY":1},"duration":1},{"z":8,"transform":{"pX":0,"x":-62.72,"scX":1,"pY":0,"y":-124.17,"skY":-96.23,"skX":-96.23,"scY":1},"duration":1}]},{"offset":0.75,"name":"neck","scale":1,"frame":[{"z":9,"transform":{"pX":0,"x":-56.52,"scX":1,"pY":0,"y":30.18,"skY":-94.76,"skX":-94.76,"scY":1},"duration":1},{"z":9,"transform":{"pX":0,"x":-51.82,"scX":1,"pY":0,"y":25.15,"skY":-86.99,"skX":-86.99,"scY":1},"duration":1}]},{"offset":0.1,"name":"head","scale":1,"frame":[{"z":10,"transform":{"pX":0,"x":-27.25,"scX":1,"pY":0,"y":115.88,"skY":-72.01,"skX":-72.01,"scY":1},"duration":1},{"z":10,"transform":{"pX":0,"x":-33.83,"scX":1,"pY":0,"y":109.25,"skY":-41.99,"skX":-41.99,"scY":1},"duration":1}]},{"offset":0,"name":"necklace","scale":1,"frame":[{"z":11,"transform":{"pX":-0.02,"x":-51.22,"scX":1,"pY":0.03,"y":12.58,"skY":-79.76,"skX":-79.76,"scY":1},"duration":1},{"z":11,"transform":{"pX":-0.02,"x":-48.8,"scX":1,"pY":0.05,"y":7.03,"skY":-86.99,"skX":-86.99,"scY":1},"duration":1}]},{"offset":0.8,"name":"right upper wing","scale":1.9,"frame":[{"z":12,"transform":{"pX":0,"x":-46.37,"scX":1,"pY":0,"y":-43.17,"skY":-133.5,"skX":-133.5,"scY":0.78},"duration":1},{"z":12,"transform":{"pX":0,"x":-50.97,"scX":1,"pY":0,"y":-48.9,"skY":-125.73,"skX":-125.73,"scY":0.78},"duration":1}]},{"offset":0.35,"name":"right fore wing","scale":1.85,"frame":[{"z":13,"transform":{"pX":0,"x":-141.62,"scX":1,"pY":0,"y":-90.42,"skY":-34.27,"skX":145.73,"scY":0.71},"duration":1},{"z":13,"transform":{"pX":0,"x":-159.2,"scX":1,"pY":0,"y":-122.67,"skY":-66.02,"skX":113.98,"scY":0.71},"duration":1}]}],"scale":7,"tweenEasing":2}],"bone":[{"name":"right fore wing","transform":{"x":100.68,"scX":1,"y":-113,"skY":6.39,"skX":6.39,"scY":1},"parent":"right upper wing"},{"name":"right upper wing","transform":{"x":43.15,"scX":1,"y":-22.65,"skY":-15.72,"skX":-15.72,"scY":1},"parent":"body"},{"name":"necklace","transform":{"x":-21.75,"scX":1,"y":-13.2,"skY":0,"skX":0,"scY":1},"parent":"body"},{"name":"head","transform":{"x":-123.02,"scX":1,"y":-41.9,"skY":7.45,"skX":7.45,"scY":1},"parent":"neck"},{"name":"neck","transform":{"x":-39.97,"scX":1,"y":-16.25,"skY":30,"skX":30,"scY":1},"parent":"body"},{"name":"middle feather","transform":{"x":108.5,"scX":1,"y":-33.97,"skY":0,"skX":0,"scY":1},"parent":"body"},{"name":"right feather","transform":{"x":111.78,"scX":1,"y":-29.97,"skY":0,"skX":0,"scY":1},"parent":"body"},{"name":"left feather","transform":{"x":106.53,"scX":1,"y":-40.22,"skY":0,"skX":0,"scY":1},"parent":"body"},{"transform":{"x":24,"scX":1,"y":9.75,"skY":0,"skX":0,"scY":1},"name":"body"},{"name":"left upper wing","transform":{"x":4.55,"scX":1,"y":-4.4,"skY":15.97,"skX":15.97,"scY":1},"parent":"body"},{"name":"left fore wing","transform":{"x":-46.55,"scX":1,"y":-76.45,"skY":-11.78,"skX":-11.78,"scY":1},"parent":"left upper wing"},{"name":"right feet","transform":{"x":23.43,"scX":1,"y":6.28,"skY":0,"skX":0,"scY":1},"parent":"body"},{"name":"left feet","transform":{"x":-19.02,"scX":1,"y":2.28,"skY":0,"skX":0,"scY":1},"parent":"body"},{"name":"stone","transform":{"x":-9.5,"scX":1.65,"y":118.48,"skY":0,"skX":0,"scY":1.65},"parent":"right feet"}]}],"frameRate":30}