{"SubTexture":[{"name":"bird/right fore wing","x":257,"width":128,"y":82,"height":149},{"name":"bird/right upper wing","x":0,"width":148,"y":94,"height":122},{"name":"bird/necklace","x":399,"width":52,"y":376,"height":75},{"name":"bird/head","x":0,"width":123,"y":310,"height":78},{"name":"bird/neck","x":0,"width":131,"y":218,"height":90},{"name":"bird/middle feather","x":115,"width":138,"y":464,"height":31},{"name":"bird/right feather","x":374,"width":130,"y":453,"height":29},{"name":"bird/left feather","x":0,"width":114,"y":390,"height":39},{"name":"bird/body","x":0,"width":255,"y":0,"height":92},{"name":"bird/left upper wing","x":231,"width":111,"y":313,"height":88},{"name":"bird/left fore wing","x":150,"width":92,"y":94,"height":138},{"name":"bird/right feet","x":387,"width":70,"y":82,"height":102},{"name":"bird/left feet","x":374,"width":54,"y":275,"height":78},{"name":"bird/stone","x":133,"width":96,"y":234,"height":86},{"name":"centaur/man-right fore arm","x":229,"width":52,"y":403,"height":59},{"name":"centaur/man-weapon","x":257,"width":210,"y":0,"height":80},{"name":"centaur/man-head","x":125,"width":83,"y":322,"height":68},{"name":"centaur/man-shoulder","x":164,"width":63,"y":392,"height":48},{"name":"centaur/man-right upper arm","x":327,"width":45,"y":436,"height":57},{"name":"centaur/man-body","x":430,"width":79,"y":292,"height":82},{"name":"centaur/horse-front right feet","x":116,"width":46,"y":392,"height":68},{"name":"centaur/horse-front right leg","x":442,"width":54,"y":207,"height":83},{"name":"centaur/horse-back right feet","x":453,"width":53,"y":376,"height":66},{"name":"centaur/horse-back right leg","x":387,"width":53,"y":186,"height":87},{"name":"centaur/horse-body","x":244,"width":128,"y":233,"height":78},{"name":"centaur/horse-tail","x":469,"width":40,"y":0,"height":73},{"name":"centaur/horse-back left leg","x":459,"width":46,"y":123,"height":82},{"name":"centaur/horse-back left feet","x":0,"width":50,"y":431,"height":56},{"name":"centaur/horse-front left leg","x":344,"width":53,"y":355,"height":79},{"name":"centaur/horse-front left feet","x":283,"width":42,"y":403,"height":66},{"name":"centaur/man-left upper arm","x":469,"width":39,"y":75,"height":46},{"name":"centaur/man-left fore arm","x":52,"width":61,"y":431,"height":42}],"name":"charactor_all","imagePath":"texture.png"}